{"cameraMode":{"drawMode":0,"name":"Shaded","section":"Shading Mode"},"sceneLighting":false,"audioPlay":false,"sceneViewState":{"m_AlwaysRefresh":false,"showFog":true,"showSkybox":false,"showFlares":true,"showImageEffects":true,"showParticleSystems":true,"showVisualEffectGraphs":true,"m_FxEnabled":true},"in2DMode":false,"pivot":{"x":-2.630000114440918,"y":0.9272289276123047,"z":2.1570000648498537},"rotation":{"x":-0.07821303606033325,"y":0.018064424395561219,"z":-0.0014083667192608119,"w":-0.9967642426490784},"size":3.464101552963257,"orthographic":false}